athlete_id,name,school_id,gender,age,strength_type
1001,Casey Martinez,23,M,19,jumps
1002,Morgan Lopez,25,M,15,sprint
1003,Taylor Jones,13,F,14,distance
1004,Casey Rodriguez,23,F,15,throws
1005,David Wilson,21,F,15,jumps
1006,Mike Brown,24,F,19,multi-event
1007,David Wilson,19,F,16,distance
1008,Mike Davis,16,M,14,sprint
1009,Mike Martinez,6,F,18,sprint
1010,David Garcia,20,F,18,jumps
1011,LeBron Gonzalez,1,M,19,multi-event
1012,Taylor Williams,25,F,14,jumps
1013,David Johnson,15,M,19,jumps
1014,LeBron Lopez,6,M,19,jumps
1015,Morgan Martinez,17,M,15,jumps
1016,Taylor Johnson,18,M,18,jumps
1017,Serena Smith,4,F,16,distance
1018,John Brown,19,M,14,throws
1019,Morgan Doe,25,M,15,throws
1020,LeBron Johnson,9,F,15,multi-event
1021,Taylor Hernandez,23,M,19,jumps
1022,David Martinez,21,F,17,multi-event
1023,Serena Doe,8,M,14,jumps
1024,John Rodriguez,18,M,18,distance
1025,John Doe,23,M,15,sprint
1026,Casey Smith,11,M,18,distance
1027,Chris Martinez,16,M,18,distance
1028,Jordan Wilson,19,F,15,throws
1029,Taylor Garcia,7,M,14,throws
1030,Emma Garcia,14,F,19,sprint
1031,Alex Martinez,21,M,14,throws
1032,Jordan Jones,26,M,15,distance
1033,Sarah Davis,15,M,17,distance
1034,Chris Miller,8,M,17,multi-event
1035,Jane Smith,21,M,14,distance
1036,Mike Garcia,16,F,15,throws
1037,Casey Smith,6,F,14,throws
1038,Chris Wilson,26,F,16,throws
1039,Jordan Hernandez,26,F,15,distance
1040,Chris Brown,2,M,19,jumps
1041,John Smith,19,F,18,multi-event
1042,Mike Smith,17,M,15,sprint
1043,Simone Doe,22,M,17,sprint
1044,Casey Rodriguez,8,M,18,sprint
1045,David Martinez,19,F,16,distance
1046,Alex Hernandez,11,M,16,throws
1047,Mike Martinez,21,F,17,jumps
1048,Casey Lopez,3,M,17,multi-event
1049,Simone Doe,3,M,18,jumps
1050,Mike Wilson,12,M,15,jumps
1051,Chris Johnson,15,F,18,multi-event
1052,John Martinez,18,F,19,sprint
1053,Casey Johnson,9,M,14,multi-event
1054,Mike Williams,10,M,19,jumps
1055,Sarah Martinez,21,F,18,throws
1056,Chris Wilson,2,M,19,throws
1057,Morgan Williams,2,M,16,distance
1058,Alex Williams,6,F,18,throws
1059,LeBron Smith,4,M,19,distance
1060,LeBron Smith,12,M,17,distance
1061,John Williams,12,M,16,distance
1062,Alex Brown,22,M,16,multi-event
1063,Casey Gonzalez,14,M,15,distance
1064,Taylor Lopez,6,F,14,distance
1065,Jordan Wilson,11,F,19,distance
1066,Chris Johnson,26,M,17,sprint
1067,Morgan Miller,8,M,17,jumps
1068,Chris Gonzalez,26,M,15,sprint
1069,Alex Brown,13,F,16,sprint
1070,Taylor Williams,12,F,19,multi-event
1071,Emma Smith,4,F,15,multi-event
1072,Chris Smith,4,F,16,jumps
1073,David Rodriguez,17,M,17,multi-event
1074,Sarah Williams,2,F,14,multi-event
1075,Casey Lopez,18,M,16,throws
1076,Jane Martinez,11,F,19,sprint
1077,Jordan Wilson,10,F,19,throws
1078,Emma Garcia,23,F,18,distance
1079,Sarah Garcia,22,F,19,distance
1080,Simone Rodriguez,10,F,18,sprint
1081,Chris Williams,7,F,18,multi-event
1082,Alex Jones,15,F,17,distance
1083,LeBron Miller,26,M,19,sprint
1084,Chris Davis,22,F,14,distance
1085,Alex Williams,8,M,15,sprint
1086,John Brown,16,M,17,throws
1087,Casey Martinez,19,M,19,throws
1088,Serena Garcia,8,M,19,sprint
1089,Casey Lopez,25,M,17,distance
1090,Mike Lopez,23,F,14,multi-event
1091,Sarah Wilson,4,F,15,throws
1092,Alex Davis,18,F,17,multi-event
1093,Morgan Hernandez,17,F,18,throws
1094,Casey Johnson,24,F,17,jumps
1095,Taylor Brown,21,F,18,throws
1096,Alex Brown,9,F,14,jumps
1097,Sarah Williams,11,F,18,sprint
1098,Mike Johnson,8,F,19,distance
1099,Jordan Brown,3,F,17,jumps
1100,LeBron Miller,14,M,15,throws
1101,David Wilson,25,M,18,throws
1102,Serena Smith,12,F,17,throws
1103,LeBron Hernandez,24,M,17,distance
1104,Chris Garcia,16,M,17,jumps
1105,Alex Martinez,26,F,19,distance
1106,Morgan Miller,5,M,17,multi-event
1107,Simone Martinez,1,M,19,throws
1108,Mike Gonzalez,15,M,14,jumps
1109,David Jones,7,F,16,jumps
1110,Taylor Wilson,13,F,17,jumps
1111,Morgan Doe,16,M,19,multi-event
1112,John Jones,8,M,19,sprint
1113,Taylor Smith,8,M,14,multi-event
1114,Mike Brown,5,F,19,sprint
1115,Simone Brown,15,F,16,distance
1116,Simone Rodriguez,24,M,15,jumps
1117,Jane Rodriguez,1,F,18,throws
1118,David Hernandez,7,M,18,distance
1119,Jane Hernandez,25,F,19,multi-event
1120,Taylor Doe,26,M,16,multi-event
1121,David Martinez,12,M,18,jumps
1122,John Gonzalez,14,F,14,throws
1123,Emma Martinez,15,M,17,distance
1124,Jordan Davis,21,F,18,multi-event
1125,Taylor Miller,15,F,19,multi-event
1126,Chris Jones,8,M,16,throws
1127,Sarah Lopez,15,F,16,sprint
1128,Serena Gonzalez,11,M,17,distance
1129,Emma Lopez,9,F,16,multi-event
1130,Jordan Wilson,9,M,18,distance
1131,Jane Brown,24,F,17,multi-event
1132,Taylor Brown,23,F,19,throws
1133,Serena Lopez,1,M,16,distance
1134,David Hernandez,8,F,19,multi-event
1135,Emma Miller,18,F,17,multi-event
1136,Emma Jones,23,F,16,jumps
1137,Chris Brown,4,M,16,sprint
1138,Jordan Davis,25,M,15,distance
1139,Jordan Miller,9,F,14,distance
1140,Chris Brown,12,M,16,sprint
1141,Jordan Davis,5,F,14,sprint
1142,LeBron Williams,23,M,19,throws
1143,Jane Gonzalez,1,F,17,throws
1144,Serena Jones,6,M,16,throws
1145,Jane Gonzalez,3,F,17,sprint
1146,Simone Martinez,22,M,15,distance
1147,Taylor Rodriguez,10,M,15,sprint
1148,LeBron Lopez,14,M,18,throws
1149,Serena Wilson,15,F,18,throws
1150,Chris Rodriguez,20,M,18,sprint
1151,Taylor Brown,21,M,16,sprint
1152,Mike Brown,6,M,15,sprint
1153,David Miller,23,F,16,sprint
1154,Sarah Williams,23,F,19,throws
1155,Jane Martinez,8,F,19,multi-event
1156,Alex Lopez,7,F,14,multi-event
1157,Sarah Martinez,5,F,15,sprint
1158,John Johnson,26,F,18,multi-event
1159,Casey Williams,15,M,17,jumps
1160,Jordan Garcia,9,F,17,sprint
1161,Simone Smith,14,F,18,jumps
1162,John Doe,8,M,19,jumps
1163,Simone Smith,25,M,17,multi-event
1164,Alex Miller,9,M,18,throws
1165,Alex Gonzalez,16,M,17,jumps
1166,David Jones,11,M,15,jumps
1167,David Hernandez,16,F,19,throws
1168,Morgan Lopez,18,M,17,sprint
1169,Emma Williams,11,M,17,multi-event
1170,Morgan Smith,22,F,17,sprint
1171,Sarah Davis,12,F,19,throws
1172,Taylor Smith,7,F,18,distance
1173,Casey Williams,15,F,14,sprint
1174,Alex Rodriguez,26,M,19,distance
1175,Chris Davis,1,F,14,distance
1176,Morgan Wilson,4,F,14,distance
1177,Serena Wilson,23,F,18,jumps
1178,David Gonzalez,16,F,15,throws
1179,LeBron Johnson,13,M,18,multi-event
1180,Jordan Wilson,5,M,16,throws
1181,Emma Wilson,26,F,14,jumps
1182,Jordan Williams,19,F,15,throws
1183,LeBron Miller,12,F,18,multi-event
1184,David Miller,11,M,19,distance
1185,Simone Garcia,8,F,14,jumps
1186,Jordan Miller,23,F,17,distance
1187,Serena Smith,5,F,14,throws
1188,Jane Davis,15,M,19,distance
1189,David Gonzalez,21,M,14,throws
1190,Taylor Williams,11,F,19,sprint
1191,Morgan Jones,22,F,16,throws
1192,Morgan Davis,2,M,15,jumps
1193,Sarah Hernandez,3,F,14,sprint
1194,Serena Johnson,23,F,14,sprint
1195,Emma Lopez,2,F,16,jumps
1196,David Johnson,8,F,18,distance
1197,Mike Johnson,3,F,18,distance
1198,Serena Wilson,19,M,15,throws
1199,Alex Williams,15,F,19,sprint
1200,Casey Lopez,15,F,19,multi-event
1201,Mike Doe,15,F,18,jumps
1202,Alex Garcia,23,F,17,jumps
1203,Sarah Garcia,16,M,15,throws
1204,Simone Jones,19,F,19,jumps
1205,John Gonzalez,22,F,16,sprint
1206,Simone Gonzalez,22,M,18,throws
1207,Morgan Wilson,10,M,18,jumps
1208,Sarah Martinez,7,F,19,distance
1209,Alex Doe,21,M,16,throws
1210,John Rodriguez,12,M,14,jumps
1211,Emma Hernandez,14,M,15,distance
1212,Taylor Davis,12,F,15,jumps
1213,Casey Gonzalez,16,F,19,jumps
1214,Taylor Doe,15,M,15,distance
1215,Morgan Martinez,24,F,18,jumps
1216,Jane Lopez,13,M,16,multi-event
1217,Jane Miller,12,F,18,throws
1218,Morgan Martinez,12,M,19,distance
1219,Serena Smith,20,F,18,distance
1220,Alex Doe,21,F,19,jumps
1221,Alex Garcia,4,M,14,sprint
1222,Chris Miller,4,M,15,multi-event
1223,Mike Garcia,15,F,19,multi-event
1224,David Rodriguez,24,M,17,sprint
1225,Morgan Miller,20,F,16,sprint
1226,Jordan Jones,7,F,17,distance
1227,Morgan Jones,4,F,18,jumps
1228,John Garcia,9,M,14,throws
1229,Jane Martinez,7,M,14,jumps
1230,Sarah Johnson,26,M,14,multi-event
1231,Sarah Rodriguez,7,M,16,distance
1232,Taylor Wilson,20,M,16,distance
1233,Mike Davis,9,M,14,sprint
1234,Mike Smith,12,M,18,jumps
1235,John Johnson,9,M,15,throws
1236,LeBron Doe,24,M,17,throws
1237,Taylor Jones,17,M,17,multi-event
1238,Sarah Rodriguez,2,F,17,sprint
1239,John Miller,13,F,19,sprint
1240,Serena Hernandez,15,M,14,jumps
1241,Simone Johnson,3,M,16,multi-event
1242,Alex Rodriguez,18,F,17,multi-event
1243,LeBron Williams,15,F,14,sprint
1244,Morgan Martinez,21,M,17,throws
1245,Casey Brown,14,F,17,throws
1246,David Hernandez,4,F,17,jumps
1247,Alex Williams,12,M,19,throws
1248,Jane Doe,3,M,17,sprint
1249,Jordan Hernandez,12,M,18,sprint
1250,Simone Davis,18,F,19,sprint
1251,David Jones,22,F,19,sprint
1252,Chris Rodriguez,10,F,14,multi-event
1253,LeBron Brown,5,F,15,sprint
1254,Emma Gonzalez,18,F,14,jumps
1255,Simone Brown,26,F,18,multi-event
1256,Simone Martinez,21,M,18,jumps
1257,John Johnson,9,F,16,jumps
1258,John Johnson,5,F,14,distance
1259,Jordan Martinez,1,M,19,multi-event
1260,Sarah Garcia,14,F,16,distance
1261,Emma Williams,24,F,18,multi-event
1262,Jane Wilson,2,M,15,multi-event
1263,John Martinez,3,F,17,throws
1264,Serena Rodriguez,15,F,16,distance
1265,Taylor Davis,4,F,17,sprint
1266,Chris Martinez,22,F,18,jumps
1267,John Brown,13,M,14,distance
1268,Chris Brown,25,M,16,jumps
1269,Emma Doe,1,F,19,throws
1270,Mike Johnson,13,M,18,multi-event
1271,Morgan Martinez,26,F,14,throws
1272,Morgan Hernandez,2,F,14,throws
1273,Casey Doe,11,F,18,throws
1274,Jordan Martinez,14,F,14,throws
1275,John Jones,6,F,19,jumps
1276,Jane Garcia,4,M,17,multi-event
1277,David Davis,3,F,16,jumps
1278,Sarah Jones,25,M,14,multi-event
1279,Alex Doe,17,M,16,jumps
1280,Jordan Gonzalez,21,M,15,sprint
1281,Mike Williams,7,M,18,distance
1282,Taylor Lopez,21,M,15,throws
1283,Serena Lopez,19,F,19,multi-event
1284,Alex Martinez,20,F,19,jumps
1285,Mike Miller,3,F,17,jumps
1286,Taylor Williams,19,M,16,multi-event
1287,Jane Williams,15,F,14,sprint
1288,Emma Gonzalez,10,M,19,sprint
1289,Simone Rodriguez,17,F,17,multi-event
1290,LeBron Lopez,24,M,17,multi-event
1291,Alex Brown,11,F,18,distance
1292,John Miller,4,F,19,sprint
1293,LeBron Martinez,6,M,15,throws
1294,Serena Davis,17,M,16,jumps
1295,Casey Williams,13,F,16,multi-event
1296,John Lopez,21,F,14,jumps
1297,Jane Davis,22,F,16,jumps
1298,Jordan Gonzalez,22,M,16,sprint
1299,Simone Martinez,5,F,16,throws
1300,Mike Rodriguez,23,M,16,multi-event
1301,David Martinez,26,F,15,multi-event
1302,Jane Martinez,22,F,18,jumps
1303,John Jones,10,M,15,jumps
1304,Taylor Miller,7,M,15,distance
1305,Jane Williams,26,M,18,multi-event
1306,Morgan Hernandez,17,M,19,jumps
1307,Casey Lopez,20,M,18,throws
1308,Mike Johnson,6,M,19,throws
1309,John Garcia,12,M,17,multi-event
1310,Chris Lopez,24,F,15,multi-event
1311,Sarah Williams,26,F,15,jumps
1312,Alex Rodriguez,15,F,16,throws
1313,LeBron Davis,14,M,15,multi-event
1314,Mike Gonzalez,9,M,19,throws
1315,Morgan Jones,18,M,19,multi-event
1316,Morgan Doe,10,M,15,jumps
1317,Serena Wilson,17,M,17,sprint
1318,Casey Brown,15,F,14,throws
1319,John Garcia,17,F,15,throws
1320,Jane Jones,8,M,16,sprint
1321,Morgan Hernandez,21,F,15,distance
1322,John Williams,16,M,19,throws
1323,Serena Rodriguez,1,M,14,jumps
1324,Sarah Gonzalez,5,F,14,jumps
1325,Sarah Williams,4,M,15,throws
1326,Alex Lopez,20,F,14,sprint
1327,Morgan Wilson,16,M,19,multi-event
1328,Simone Brown,23,M,16,throws
1329,John Rodriguez,12,M,18,throws
1330,Mike Martinez,22,M,18,jumps
1331,Jane Davis,18,M,17,throws
1332,John Martinez,13,F,16,sprint
1333,Emma Lopez,3,F,15,sprint
1334,Taylor Rodriguez,24,F,15,sprint
1335,Emma Davis,11,M,19,throws
1336,Jordan Miller,21,M,15,sprint
1337,Jordan Lopez,15,M,16,distance
1338,John Lopez,7,M,16,jumps
1339,LeBron Garcia,18,F,16,sprint
1340,Taylor Martinez,7,F,16,sprint
1341,Morgan Martinez,11,F,14,jumps
1342,David Wilson,13,F,17,jumps
1343,Mike Miller,23,F,16,multi-event
1344,Chris Lopez,3,F,14,throws
1345,Simone Gonzalez,6,F,16,sprint
1346,Jane Jones,22,F,16,throws
1347,Simone Hernandez,14,M,19,throws
1348,Emma Miller,2,F,18,throws
1349,Chris Martinez,26,M,14,throws
1350,Emma Davis,26,M,14,distance
1351,Morgan Rodriguez,22,F,14,distance
1352,Jane Brown,25,F,16,throws
1353,Simone Smith,20,M,19,throws
1354,Emma Jones,15,M,18,distance
1355,LeBron Jones,13,F,19,jumps
1356,Sarah Doe,1,M,17,multi-event
1357,David Wilson,18,M,16,jumps
1358,Jordan Miller,7,F,19,throws
1359,Sarah Doe,5,M,17,distance
1360,Casey Hernandez,15,M,19,jumps
1361,Alex Jones,23,M,18,multi-event
1362,Chris Wilson,10,M,19,distance
1363,Taylor Jones,17,M,14,distance
1364,Taylor Johnson,8,F,14,jumps
1365,LeBron Rodriguez,12,F,18,distance
1366,Simone Wilson,3,M,16,throws
1367,Jordan Hernandez,16,F,17,multi-event
1368,Jane Johnson,11,M,17,throws
1369,Alex Davis,12,M,18,multi-event
1370,Mike Lopez,5,F,18,sprint
1371,Morgan Doe,17,M,16,distance
1372,Mike Jones,23,M,16,multi-event
1373,Casey Williams,3,F,15,multi-event
1374,Chris Johnson,21,F,18,multi-event
1375,Jane Davis,21,M,18,multi-event
1376,Mike Johnson,22,F,18,sprint
1377,Morgan Gonzalez,1,M,14,multi-event
1378,Chris Martinez,7,F,18,sprint
1379,Serena Wilson,21,F,19,jumps
1380,Serena Brown,26,F,16,throws
1381,Jane Hernandez,2,M,17,throws
1382,Serena Miller,7,F,18,distance
1383,Emma Gonzalez,23,F,19,jumps
1384,David Johnson,25,F,18,multi-event
1385,Jane Jones,8,F,14,jumps
1386,Serena Brown,5,M,14,jumps
1387,David Gonzalez,20,F,15,distance
1388,Morgan Jones,19,F,15,distance
1389,Serena Davis,15,F,16,throws
1390,John Doe,13,F,15,distance
1391,Simone Jones,2,M,16,throws
1392,Simone Wilson,21,F,16,multi-event
1393,John Gonzalez,4,F,15,jumps
1394,Jordan Jones,25,F,16,sprint
1395,David Smith,19,M,16,multi-event
1396,Chris Doe,13,F,18,jumps
1397,Morgan Rodriguez,22,M,15,sprint
1398,David Jones,26,F,18,jumps
1399,Taylor Johnson,7,F,18,sprint
1400,John Smith,5,F,17,multi-event
1401,Serena Johnson,20,M,16,multi-event
1402,Emma Johnson,13,F,18,jumps
1403,LeBron Gonzalez,17,F,19,multi-event
1404,Chris Miller,1,F,16,sprint
1405,David Rodriguez,10,M,18,throws
1406,Chris Martinez,26,M,19,sprint
1407,Simone Miller,6,F,15,distance
1408,John Rodriguez,23,M,15,sprint
1409,Serena Jones,14,M,17,distance
1410,David Davis,25,F,19,sprint
1411,Jordan Johnson,17,M,18,jumps
1412,Alex Miller,17,F,16,distance
1413,Serena Wilson,18,F,18,jumps
1414,Alex Lopez,24,F,18,throws
1415,Sarah Brown,9,F,15,jumps
1416,Taylor Williams,23,M,19,throws
1417,Emma Miller,12,F,16,sprint
1418,Simone Martinez,18,F,17,jumps
1419,Taylor Lopez,5,F,14,jumps
1420,Jordan Doe,12,F,19,jumps
1421,Jordan Miller,7,M,18,jumps
1422,Casey Davis,23,F,15,sprint
1423,Simone Hernandez,19,M,15,sprint
1424,Alex Wilson,17,M,19,distance
1425,John Doe,14,F,19,throws
1426,Jane Martinez,25,M,14,multi-event
1427,Casey Johnson,14,F,17,distance
1428,Taylor Williams,11,F,19,sprint
1429,Casey Lopez,3,M,18,sprint
1430,Casey Wilson,6,F,15,sprint
1431,Morgan Garcia,26,F,15,jumps
1432,Casey Smith,1,F,18,multi-event
1433,Jane Wilson,11,F,17,multi-event
1434,LeBron Miller,5,F,16,distance
1435,Taylor Doe,11,M,19,throws
1436,Alex Williams,23,M,14,jumps
1437,Taylor Williams,19,M,15,multi-event
1438,Morgan Martinez,13,F,18,jumps
1439,Jane Garcia,22,M,15,distance
1440,Serena Jones,8,M,16,throws
1441,Sarah Miller,25,F,16,jumps
1442,Simone Hernandez,19,M,16,jumps
1443,Jordan Brown,2,M,17,jumps
1444,Mike Garcia,22,F,19,sprint
1445,Alex Wilson,10,F,18,distance
1446,Sarah Johnson,16,M,17,multi-event
1447,Emma Garcia,23,F,18,distance
1448,Taylor Brown,22,M,18,throws
1449,LeBron Hernandez,12,M,18,sprint
1450,John Gonzalez,18,M,18,multi-event
1451,Mike Johnson,11,F,14,distance
1452,Jordan Rodriguez,16,M,18,throws
1453,Taylor Smith,15,M,18,throws
1454,Serena Rodriguez,2,F,19,jumps
1455,Jordan Smith,13,F,14,distance
1456,Simone Doe,2,F,16,sprint
1457,LeBron Smith,3,F,14,jumps
1458,David Johnson,25,M,19,throws
1459,Emma Wilson,13,F,17,throws
1460,Jane Martinez,22,M,19,jumps
1461,Jane Johnson,18,F,18,distance
1462,Jordan Brown,1,M,16,throws
1463,Alex Hernandez,18,F,18,throws
1464,Morgan Brown,8,F,16,distance
1465,Chris Brown,24,M,14,throws
1466,Simone Lopez,1,M,15,sprint
1467,Jane Rodriguez,2,F,18,sprint
1468,Sarah Hernandez,2,F,17,distance
1469,LeBron Brown,25,M,15,multi-event
1470,Chris Brown,24,F,18,multi-event
1471,Taylor Martinez,11,M,16,distance
1472,Alex Davis,8,F,16,jumps
1473,John Davis,19,M,19,throws
1474,LeBron Miller,2,F,19,throws
1475,Taylor Davis,11,F,17,distance
1476,Chris Garcia,6,F,15,distance
1477,Chris Gonzalez,23,M,17,sprint
1478,LeBron Garcia,14,M,17,distance
1479,Chris Brown,11,M,17,jumps
1480,Jane Davis,24,M,14,jumps
1481,David Martinez,20,M,14,distance
1482,Taylor Lopez,19,M,17,distance
1483,Morgan Wilson,11,F,14,distance
1484,Casey Brown,24,M,19,throws
1485,Casey Brown,23,M,17,distance
1486,LeBron Jones,25,F,17,throws
1487,LeBron Martinez,12,F,16,jumps
1488,LeBron Wilson,16,F,14,throws
1489,Taylor Gonzalez,11,M,16,jumps
1490,David Smith,19,M,19,distance
1491,John Williams,18,F,16,distance
1492,Sarah Jones,8,F,18,distance
1493,Serena Davis,21,F,16,throws
1494,Jordan Martinez,24,F,17,distance
1495,Jordan Lopez,12,M,15,multi-event
1496,Serena Johnson,18,M,18,sprint
1497,Morgan Gonzalez,3,M,14,throws
1498,Mike Gonzalez,21,M,14,distance
1499,John Brown,17,F,16,sprint
1500,Simone Martinez,22,F,19,throws
1501,John Smith,18,F,14,sprint
1502,LeBron Hernandez,9,F,14,multi-event
1503,Morgan Hernandez,22,F,15,sprint
1504,Casey Doe,17,M,15,distance
1505,Simone Davis,9,F,16,throws
1506,Jane Jones,13,F,18,distance
1507,Jordan Brown,10,M,19,sprint
1508,Jane Garcia,13,F,18,throws
1509,John Martinez,1,M,14,throws
1510,Morgan Garcia,21,F,18,sprint
1511,Casey Davis,2,M,15,multi-event
1512,Serena Williams,2,M,19,jumps
1513,Casey Davis,19,M,15,jumps
1514,John Brown,19,M,19,throws
1515,Casey Doe,10,M,18,distance
1516,Simone Gonzalez,13,F,17,distance
1517,Taylor Hernandez,24,M,18,jumps
1518,John Doe,14,M,14,jumps
1519,Simone Lopez,20,F,16,sprint
1520,Alex Williams,26,F,17,distance
1521,Emma Davis,13,F,15,multi-event
1522,Alex Garcia,3,F,15,sprint
1523,Jane Williams,5,F,19,distance
1524,Jordan Garcia,11,F,14,sprint
1525,John Williams,15,F,16,sprint
1526,Mike Doe,6,F,17,multi-event
1527,LeBron Davis,14,M,14,sprint
1528,Emma Davis,3,F,17,sprint
1529,Chris Garcia,13,M,19,multi-event
1530,Casey Brown,19,M,19,throws
1531,Mike Johnson,9,F,16,throws
1532,Mike Doe,6,F,16,throws
1533,Chris Miller,26,M,16,jumps
1534,Sarah Hernandez,21,F,18,multi-event
1535,Sarah Miller,4,M,16,sprint
1536,David Jones,20,F,16,throws
1537,Emma Garcia,21,M,16,jumps
1538,Simone Hernandez,7,F,16,distance
1539,David Jones,10,F,18,distance
1540,Emma Garcia,9,F,16,sprint
1541,Casey Rodriguez,7,M,19,multi-event
1542,John Hernandez,15,M,17,jumps
1543,Morgan Hernandez,3,F,19,throws
1544,Mike Martinez,10,M,16,distance
1545,Jordan Garcia,26,F,14,throws
1546,Simone Miller,19,F,18,multi-event
1547,Casey Wilson,23,F,18,sprint
1548,Taylor Jones,23,M,14,distance
1549,Alex Martinez,12,M,19,multi-event
1550,John Rodriguez,21,F,16,throws
1551,Jane Smith,4,F,15,multi-event
1552,Jordan Davis,18,M,17,jumps
1553,David Miller,25,M,16,sprint
1554,Serena Doe,10,F,14,sprint
1555,Morgan Hernandez,5,F,16,jumps
1556,Serena Lopez,7,F,16,throws
1557,Jane Miller,24,F,16,sprint
1558,Chris Smith,26,M,14,jumps
1559,Alex Doe,22,M,19,distance
1560,LeBron Johnson,18,M,16,multi-event
1561,David Miller,8,F,19,distance
1562,Mike Martinez,22,F,17,sprint
1563,Jordan Rodriguez,7,F,18,throws
1564,David Smith,23,M,15,jumps
1565,Taylor Hernandez,26,M,18,sprint
1566,Taylor Gonzalez,18,M,16,jumps
1567,Sarah Miller,4,F,19,throws
1568,LeBron Martinez,11,F,18,throws
1569,Simone Doe,12,F,17,multi-event
1570,Mike Gonzalez,22,F,18,multi-event
1571,Jane Martinez,5,F,14,distance
1572,Chris Doe,6,F,19,distance
1573,LeBron Garcia,14,M,18,throws
1574,David Johnson,16,M,18,distance
1575,Serena Williams,5,M,16,throws
1576,Simone Smith,12,M,17,distance
1577,Sarah Gonzalez,13,F,17,throws
1578,David Hernandez,15,F,15,sprint
1579,Simone Smith,26,M,16,sprint
1580,Chris Brown,18,F,15,throws
1581,Simone Hernandez,25,F,18,multi-event
1582,Jane Rodriguez,4,F,18,jumps
1583,LeBron Gonzalez,25,M,19,throws
1584,LeBron Brown,14,M,19,distance
1585,Chris Gonzalez,2,F,16,jumps
1586,Morgan Gonzalez,3,F,14,distance
1587,Sarah Lopez,24,F,19,multi-event
1588,Alex Garcia,6,M,15,distance
1589,Taylor Smith,19,F,18,jumps
1590,Simone Davis,6,F,19,jumps
1591,Chris Rodriguez,9,M,15,throws
1592,Casey Smith,9,M,19,distance
1593,Sarah Johnson,23,F,15,throws
1594,Serena Johnson,19,F,19,throws
1595,David Miller,3,M,17,multi-event
1596,Jordan Williams,23,F,17,throws
1597,Emma Rodriguez,1,M,19,throws
1598,Alex Martinez,23,F,14,multi-event
1599,David Brown,14,M,17,jumps
1600,Emma Gonzalez,10,F,18,multi-event
1601,Mike Rodriguez,16,F,19,sprint
1602,John Doe,21,F,14,sprint
1603,Casey Gonzalez,6,F,17,sprint
1604,David Brown,23,M,19,jumps
1605,Mike Gonzalez,9,M,19,jumps
1606,Chris Doe,12,M,14,throws
1607,Alex Williams,24,M,17,sprint
1608,Jordan Doe,1,M,17,sprint
1609,Mike Rodriguez,8,F,14,sprint
1610,Jordan Jones,4,F,19,distance
1611,Serena Doe,8,F,14,sprint
1612,Jane Jones,12,F,15,throws
1613,Taylor Gonzalez,25,M,19,distance
1614,Jane Davis,19,M,18,distance
1615,Serena Jones,24,M,19,distance
1616,Casey Garcia,20,F,15,sprint
1617,Casey Doe,5,M,18,throws
1618,Emma Garcia,11,M,15,jumps
1619,Alex Doe,8,F,19,sprint
1620,Morgan Gonzalez,22,F,15,multi-event
1621,Simone Davis,7,F,16,sprint
1622,Taylor Wilson,26,M,17,throws
1623,Jane Brown,16,M,18,sprint
1624,Emma Wilson,11,M,17,multi-event
1625,David Jones,18,M,17,sprint
1626,John Rodriguez,3,M,16,distance
1627,John Wilson,2,F,18,jumps
1628,Alex Hernandez,17,F,17,throws
1629,Jane Martinez,18,M,16,sprint
1630,Chris Doe,17,M,15,multi-event
1631,Emma Garcia,19,M,16,throws
1632,Jordan Gonzalez,8,M,15,sprint
1633,Casey Garcia,4,F,18,multi-event
1634,John Williams,22,M,14,sprint
1635,Jordan Johnson,23,M,15,throws
1636,Emma Davis,17,F,15,jumps
1637,Mike Hernandez,25,F,19,sprint
1638,Taylor Wilson,1,F,17,jumps
1639,LeBron Doe,9,M,17,throws
1640,LeBron Jones,2,F,18,distance
1641,Emma Johnson,9,M,18,sprint
1642,Sarah Hernandez,17,M,14,sprint
1643,Sarah Smith,16,F,17,distance
1644,Mike Wilson,2,F,15,jumps
1645,Sarah Garcia,24,F,16,sprint
1646,Simone Jones,4,M,15,distance
1647,Taylor Davis,2,F,14,throws
1648,Morgan Williams,25,F,16,sprint
1649,LeBron Miller,1,F,15,jumps
1650,Simone Lopez,10,M,17,jumps
1651,Simone Miller,25,M,19,multi-event
1652,Taylor Lopez,8,M,14,throws
1653,John Brown,18,F,19,sprint
1654,Emma Smith,25,F,19,jumps
1655,Jane Brown,17,M,17,throws
1656,John Johnson,23,F,14,sprint
1657,Casey Brown,17,F,19,jumps
1658,Serena Hernandez,3,M,18,distance
1659,Alex Gonzalez,13,M,18,multi-event
1660,John Garcia,22,M,15,jumps
1661,Chris Gonzalez,11,F,19,jumps
1662,Emma Miller,9,M,14,distance
1663,Mike Lopez,25,M,15,sprint
1664,Mike Miller,15,F,17,sprint
1665,LeBron Jones,25,M,17,jumps
1666,Serena Williams,4,M,15,jumps
1667,Morgan Hernandez,23,M,15,jumps
1668,Mike Doe,23,M,16,throws
1669,LeBron Smith,22,F,16,distance
1670,John Garcia,15,M,14,throws
1671,Jane Lopez,26,M,14,sprint
1672,John Gonzalez,25,M,15,distance
1673,Morgan Garcia,12,M,18,multi-event
1674,Chris Wilson,3,M,14,distance
1675,Casey Martinez,15,M,14,jumps
1676,Jane Smith,15,M,15,multi-event
1677,David Gonzalez,24,F,17,sprint
1678,David Martinez,14,M,16,distance
1679,Casey Johnson,9,F,17,distance
1680,John Rodriguez,20,M,19,jumps
1681,Serena Garcia,18,F,14,sprint
1682,Chris Garcia,5,F,15,multi-event
1683,Sarah Martinez,26,M,17,jumps
1684,Serena Davis,26,F,16,multi-event
1685,LeBron Jones,13,F,15,sprint
1686,Emma Rodriguez,8,M,16,sprint
1687,Taylor Miller,17,F,18,distance
1688,Mike Doe,8,M,16,multi-event
1689,Morgan Lopez,24,M,15,multi-event
1690,Morgan Lopez,13,F,15,distance
1691,Sarah Rodriguez,11,F,18,sprint
1692,Jordan Hernandez,12,M,18,distance
1693,Morgan Lopez,16,F,15,throws
1694,John Doe,2,M,18,distance
1695,John Davis,16,M,16,multi-event
1696,Sarah Lopez,5,F,19,distance
1697,Casey Lopez,11,M,14,distance
1698,Simone Hernandez,5,M,18,jumps
1699,Jane Jones,23,F,18,sprint
1700,Emma Williams,11,M,15,throws
1701,Taylor Martinez,16,F,15,multi-event
1702,Jordan Wilson,20,F,15,multi-event
1703,Morgan Johnson,13,F,19,jumps
1704,Mike Johnson,24,M,19,multi-event
1705,David Gonzalez,25,M,15,multi-event
1706,Emma Wilson,26,M,19,multi-event
1707,Jane Wilson,16,M,16,sprint
1708,Sarah Jones,11,M,19,sprint
1709,Morgan Hernandez,22,F,17,sprint
1710,Chris Brown,8,M,16,jumps
1711,Taylor Doe,24,M,14,throws
1712,Serena Hernandez,14,M,17,throws
1713,Casey Garcia,12,F,14,throws
1714,Taylor Gonzalez,19,M,15,throws
1715,Jane Lopez,2,F,14,jumps
1716,Chris Doe,3,F,15,throws
1717,Mike Hernandez,3,M,16,multi-event
1718,Simone Wilson,16,M,17,distance
1719,Simone Wilson,14,M,14,sprint
1720,Emma Brown,7,F,19,multi-event
1721,Jordan Wilson,24,F,19,jumps
1722,Chris Brown,4,M,17,multi-event
1723,LeBron Gonzalez,16,M,14,jumps
1724,John Garcia,3,F,19,multi-event
1725,Serena Brown,4,M,15,distance
1726,Alex Williams,3,F,14,jumps
1727,Taylor Garcia,16,F,19,jumps
1728,Jane Martinez,18,F,15,jumps
1729,Casey Garcia,12,M,17,sprint
1730,Chris Miller,15,F,15,jumps
1731,Simone Smith,5,M,14,jumps
1732,Taylor Davis,14,M,18,sprint
1733,Morgan Garcia,17,F,18,throws
1734,Simone Wilson,8,F,16,sprint
1735,David Wilson,23,M,18,multi-event
1736,Casey Davis,26,M,14,throws
1737,Mike Johnson,7,M,15,sprint
1738,David Doe,22,F,15,distance
1739,Morgan Rodriguez,9,F,19,sprint
1740,Jane Garcia,18,F,18,jumps
1741,Morgan Williams,17,F,14,multi-event
1742,Simone Davis,26,F,14,throws
1743,Mike Johnson,19,M,14,multi-event
1744,Taylor Doe,26,F,18,jumps
1745,Casey Garcia,9,F,19,throws
1746,Simone Rodriguez,16,M,15,jumps
1747,David Johnson,20,F,14,throws
1748,Casey Wilson,11,M,14,throws
1749,Casey Williams,12,M,16,jumps
1750,Chris Williams,16,M,15,distance
1751,Chris Hernandez,15,F,16,throws
1752,Simone Martinez,3,M,17,distance
1753,Casey Gonzalez,14,F,18,jumps
1754,Morgan Smith,17,M,14,jumps
1755,Jordan Davis,13,M,18,multi-event
1756,John Johnson,7,M,14,distance
1757,John Miller,2,F,19,distance
1758,Chris Jones,15,F,19,sprint
1759,Alex Smith,8,F,17,multi-event
1760,Serena Johnson,16,F,16,distance
1761,Morgan Wilson,9,M,16,sprint
1762,David Smith,6,M,15,distance
1763,Alex Brown,9,F,18,sprint
1764,Morgan Lopez,25,M,17,distance
1765,Alex Johnson,20,M,15,jumps
1766,Simone Lopez,10,F,17,throws
1767,Morgan Jones,15,F,15,throws
1768,Chris Martinez,17,F,18,sprint
1769,John Davis,22,F,18,multi-event
1770,Simone Williams,10,M,17,sprint
1771,Emma Williams,21,F,16,jumps
1772,Alex Hernandez,21,F,15,distance
1773,LeBron Lopez,8,M,18,throws
1774,Alex Jones,22,M,19,sprint
1775,Alex Miller,10,F,17,throws
1776,David Hernandez,2,M,16,distance
1777,Alex Davis,21,F,19,jumps
1778,LeBron Williams,6,M,16,sprint
1779,Serena Johnson,24,F,19,multi-event
1780,Taylor Wilson,6,F,19,sprint
1781,Sarah Jones,8,F,17,jumps
1782,Emma Williams,19,F,17,sprint
1783,Serena Smith,21,M,17,distance
1784,LeBron Doe,22,F,18,jumps
1785,David Smith,5,M,15,jumps
1786,David Rodriguez,15,M,16,distance
1787,Taylor Doe,16,F,19,distance
1788,Emma Martinez,2,M,17,jumps
1789,Sarah Lopez,25,M,18,distance
1790,Serena Lopez,25,M,15,multi-event
1791,David Martinez,14,F,17,throws
1792,David Smith,2,M,19,jumps
1793,John Wilson,11,M,14,sprint
1794,Alex Hernandez,8,M,19,jumps
1795,Chris Johnson,4,F,18,multi-event
1796,Chris Johnson,3,M,16,jumps
1797,Serena Hernandez,17,F,17,distance
1798,Emma Wilson,16,F,15,distance
1799,Casey Wilson,26,F,14,distance
1800,Sarah Hernandez,5,M,19,sprint
1801,Simone Davis,6,M,16,sprint
1802,David Wilson,21,F,18,multi-event
1803,John Rodriguez,2,M,19,sprint
1804,John Hernandez,4,F,17,throws
1805,Jane Davis,9,F,19,distance
1806,Sarah Hernandez,22,M,16,throws
1807,Alex Doe,22,F,18,multi-event
1808,Jordan Johnson,14,M,18,multi-event
1809,Jane Williams,4,M,17,distance
1810,Simone Brown,25,F,18,distance
1811,Emma Hernandez,14,F,15,sprint
1812,LeBron Miller,7,F,16,distance
1813,John Smith,22,M,14,multi-event
1814,Alex Miller,5,M,18,sprint
1815,Jordan Hernandez,4,F,19,distance
1816,Serena Williams,9,F,14,sprint
1817,Morgan Johnson,2,F,16,jumps
1818,David Hernandez,4,M,14,sprint
1819,Morgan Johnson,22,M,16,jumps
1820,Casey Miller,20,F,19,sprint
1821,Emma Gonzalez,11,M,14,throws
1822,David Miller,9,F,19,throws
1823,Taylor Garcia,21,M,14,distance
1824,Jordan Hernandez,2,M,14,throws
1825,Casey Rodriguez,16,F,15,multi-event
1826,David Lopez,12,M,19,distance
1827,Serena Wilson,16,M,17,throws
1828,John Doe,9,F,14,multi-event
1829,Taylor Hernandez,19,M,19,jumps
1830,LeBron Davis,23,M,17,distance
1831,Serena Jones,22,F,15,multi-event
1832,Casey Rodriguez,2,M,19,distance
1833,LeBron Gonzalez,16,F,15,sprint
1834,Taylor Miller,11,M,16,jumps
1835,John Davis,8,F,17,distance
1836,Jane Miller,15,F,14,throws
1837,Serena Jones,4,F,19,sprint
1838,Jane Garcia,14,M,18,multi-event
1839,John Gonzalez,3,F,18,multi-event
1840,Sarah Martinez,22,F,16,jumps
1841,Morgan Smith,8,F,16,multi-event
1842,Taylor Rodriguez,20,F,19,jumps
1843,Jordan Miller,4,M,19,distance
1844,John Jones,12,F,18,multi-event
1845,Emma Hernandez,4,M,15,throws
1846,Mike Gonzalez,23,F,14,jumps
1847,Simone Brown,7,M,17,distance
1848,Serena Gonzalez,26,M,19,jumps
1849,Jane Lopez,14,M,19,multi-event
1850,Jane Lopez,15,F,19,multi-event
1851,LeBron Johnson,16,M,18,sprint
1852,LeBron Wilson,14,F,18,distance
1853,Jordan Rodriguez,6,M,14,throws
1854,Alex Rodriguez,20,F,18,throws
1855,David Rodriguez,23,M,16,throws
1856,Emma Williams,15,M,15,throws
1857,Simone Hernandez,24,F,19,multi-event
1858,Morgan Jones,23,M,15,distance
1859,Simone Hernandez,10,F,19,distance
1860,Jordan Martinez,6,F,19,sprint
1861,Taylor Jones,18,F,18,multi-event
1862,Alex Hernandez,14,F,17,sprint
1863,LeBron Doe,1,F,15,sprint
1864,Alex Smith,7,F,15,jumps
1865,Alex Williams,5,M,19,jumps
1866,Sarah Lopez,18,M,16,throws
1867,Jane Rodriguez,22,M,19,multi-event
1868,David Brown,17,F,19,sprint
1869,Casey Garcia,13,F,19,jumps
1870,LeBron Smith,1,F,15,multi-event
1871,Morgan Lopez,15,M,19,jumps
1872,Taylor Rodriguez,18,M,19,distance
1873,Chris Miller,6,M,15,distance
1874,Jordan Davis,4,F,14,throws
1875,Chris Davis,9,M,15,multi-event
1876,Morgan Williams,1,F,17,distance
1877,John Johnson,11,M,19,multi-event
1878,Morgan Martinez,10,F,18,multi-event
1879,Emma Doe,26,F,18,distance
1880,Mike Davis,3,M,17,multi-event
1881,LeBron Garcia,3,F,15,distance
1882,Alex Jones,11,F,16,distance
1883,Taylor Rodriguez,17,F,18,sprint
1884,Jane Martinez,12,F,15,multi-event
1885,Casey Rodriguez,8,M,19,jumps
1886,David Wilson,26,M,17,jumps
1887,LeBron Hernandez,10,M,18,jumps
1888,LeBron Lopez,17,F,17,sprint
1889,Chris Wilson,21,M,16,multi-event
1890,Jane Doe,6,M,19,sprint
1891,Sarah Martinez,21,M,19,throws
1892,Morgan Doe,7,F,19,sprint
1893,Jordan Martinez,5,M,17,jumps
1894,John Doe,3,M,15,jumps
1895,LeBron Doe,19,M,16,throws
1896,David Miller,21,F,17,jumps
1897,John Garcia,22,M,18,sprint
1898,Alex Hernandez,20,M,19,multi-event
1899,John Hernandez,3,F,18,sprint
1900,Chris Lopez,22,F,18,sprint
1901,Chris Lopez,15,F,17,sprint
1902,Serena Johnson,18,M,15,throws
1903,Taylor Lopez,18,F,19,distance
1904,Chris Martinez,26,F,14,multi-event
1905,Morgan Davis,5,M,14,sprint
1906,Simone Rodriguez,13,M,16,distance
1907,Jordan Hernandez,24,F,15,throws
1908,Casey Martinez,17,M,15,distance
1909,Sarah Rodriguez,9,M,14,distance
1910,Alex Lopez,19,M,18,throws
1911,Alex Davis,3,F,19,sprint
1912,Chris Doe,7,F,16,jumps
1913,Mike Martinez,21,M,14,jumps
1914,Simone Doe,7,F,17,throws
1915,Emma Rodriguez,22,F,19,multi-event
1916,Mike Rodriguez,19,F,16,throws
1917,Mike Smith,11,M,15,throws
1918,Chris Gonzalez,12,M,19,jumps
1919,Casey Miller,15,F,16,jumps
1920,Serena Davis,4,M,19,multi-event
1921,Jane Gonzalez,9,M,18,distance
1922,Chris Hernandez,21,M,19,sprint
1923,Casey Smith,17,M,18,multi-event
1924,David Lopez,19,M,14,multi-event
1925,Chris Davis,18,F,19,distance
1926,Emma Garcia,8,F,15,throws
1927,LeBron Davis,3,F,16,multi-event
1928,John Martinez,8,M,18,distance
1929,Serena Johnson,6,M,19,throws
1930,Emma Smith,8,F,15,sprint
1931,Chris Jones,8,M,19,distance
1932,LeBron Wilson,26,F,17,throws
1933,Casey Miller,2,M,19,jumps
1934,Jane Hernandez,17,F,19,jumps
1935,Simone Davis,19,M,17,throws
1936,Emma Rodriguez,21,M,18,jumps
1937,David Wilson,8,F,16,jumps
1938,Serena Lopez,16,M,18,distance
1939,Serena Johnson,8,M,18,jumps
1940,Sarah Johnson,6,M,16,multi-event
1941,Jordan Gonzalez,4,M,17,jumps
1942,Jordan Doe,16,F,17,distance
1943,Simone Johnson,21,F,14,distance
1944,John Johnson,19,M,15,multi-event
1945,John Wilson,19,M,14,distance
1946,Chris Wilson,6,F,18,multi-event
1947,Alex Smith,24,F,14,distance
1948,Serena Rodriguez,16,F,15,distance
1949,Morgan Garcia,20,M,18,distance
1950,Simone Martinez,17,F,15,jumps
1951,Casey Miller,20,M,15,throws
1952,David Johnson,4,M,15,multi-event
1953,Morgan Wilson,17,F,15,multi-event
1954,Jane Johnson,16,M,18,multi-event
1955,Taylor Doe,3,F,19,distance
1956,Casey Rodriguez,18,M,19,throws
1957,LeBron Garcia,12,M,19,multi-event
1958,David Brown,26,F,17,jumps
1959,Simone Lopez,24,M,17,distance
1960,Chris Miller,25,M,14,jumps
1961,Simone Wilson,18,F,16,distance
1962,John Hernandez,24,M,18,multi-event
1963,Jane Davis,1,F,19,distance
1964,Jordan Lopez,11,F,16,sprint
1965,Mike Garcia,21,F,16,multi-event
1966,David Rodriguez,12,F,19,throws
1967,Taylor Brown,14,F,15,jumps
1968,LeBron Davis,16,F,16,multi-event
1969,Emma Lopez,23,F,19,distance
1970,Morgan Gonzalez,22,M,19,distance
1971,Serena Lopez,23,M,14,distance
1972,LeBron Garcia,26,F,18,multi-event
1973,Jordan Martinez,23,M,15,throws
1974,Alex Smith,26,M,15,throws
1975,Casey Rodriguez,14,M,14,jumps
1976,Sarah Jones,3,M,19,throws
1977,Casey Garcia,20,F,19,multi-event
1978,John Lopez,6,F,17,sprint
1979,Sarah Gonzalez,22,F,15,sprint
1980,Taylor Rodriguez,17,M,18,distance
1981,Alex Smith,12,M,19,sprint
1982,Mike Doe,9,F,16,throws
1983,David Rodriguez,7,M,19,sprint
1984,Casey Doe,18,F,19,multi-event
1985,Casey Rodriguez,12,F,16,distance
1986,Simone Brown,15,F,18,sprint
1987,Chris Johnson,14,M,18,sprint
1988,LeBron Williams,11,M,18,jumps
1989,Casey Davis,26,F,19,throws
1990,David Rodriguez,16,M,16,throws
1991,Alex Miller,19,M,17,sprint
1992,Chris Doe,13,M,19,distance
1993,Taylor Jones,14,F,18,multi-event
1994,John Hernandez,9,M,16,sprint
1995,David Martinez,24,F,14,multi-event
1996,Casey Johnson,16,F,16,distance
1997,Casey Rodriguez,9,M,19,distance
1998,Serena Hernandez,7,M,19,distance
1999,Morgan Williams,7,M,15,distance
2000,Morgan Rodriguez,12,M,14,sprint
2001,Casey Doe,22,F,18,sprint
2002,Taylor Gonzalez,18,M,17,jumps
2003,Simone Jones,16,F,17,distance
2004,Taylor Wilson,17,F,17,distance
2005,Taylor Rodriguez,5,M,18,throws
2006,Serena Davis,2,F,17,distance
2007,Serena Doe,23,F,16,sprint
2008,John Martinez,7,F,18,sprint
2009,Emma Jones,20,F,15,multi-event
2010,Chris Brown,9,F,18,jumps
2011,Emma Johnson,16,F,15,throws
2012,Jordan Lopez,12,F,17,jumps
2013,Serena Johnson,19,M,18,distance
2014,Morgan Doe,24,F,15,multi-event
2015,David Gonzalez,13,M,15,distance
2016,Serena Lopez,1,M,17,throws
2017,Mike Wilson,21,F,17,jumps
2018,Chris Davis,19,M,17,sprint
2019,Jordan Johnson,2,M,16,throws
2020,Morgan Martinez,4,F,19,jumps
2021,Chris Jones,12,F,16,sprint
2022,David Doe,12,M,18,multi-event
2023,Alex Martinez,18,M,16,jumps
2024,Emma Martinez,17,F,19,throws
2025,Casey Doe,13,F,17,distance
2026,Morgan Johnson,21,F,17,multi-event
2027,Simone Garcia,3,M,15,jumps
2028,Sarah Jones,11,F,19,jumps
2029,Simone Martinez,13,F,17,jumps
2030,Jordan Rodriguez,17,F,17,distance
2031,Mike Gonzalez,1,M,19,distance
2032,Alex Williams,24,M,15,distance
2033,David Doe,4,M,17,multi-event
2034,John Smith,25,F,18,sprint
2035,Jane Williams,20,M,14,throws
2036,Chris Brown,8,F,17,distance
2037,Mike Davis,6,M,14,jumps
2038,Morgan Wilson,11,F,17,multi-event
2039,Casey Williams,18,F,15,multi-event
2040,Mike Rodriguez,20,F,19,multi-event
2041,David Davis,21,F,16,throws
2042,LeBron Brown,26,M,17,jumps
2043,Emma Garcia,9,M,16,sprint
2044,John Davis,25,M,16,jumps
2045,Serena Davis,1,F,17,jumps
2046,John Lopez,14,F,18,distance
2047,Taylor Smith,18,F,15,throws
2048,Casey Davis,14,F,15,distance
2049,Jordan Hernandez,21,F,17,distance
2050,Chris Doe,14,M,18,multi-event
